Text ID,model_label,model_reasoning,ground_truth_label,Error Flag,full_response
ms-test-2,INCORRECT,"The note states that 'Staphylococcus aureus is the causative agent of the patient's condition.' This is clinically incorrect because the patient presents with signs of cellulitis and possible lymphangitis (red streaks, tender lymphadenopathy), which are typical of a bacterial infection involving the skin and lymphatics. While Staphylococcus aureus can cause such infections, the presence of a red streak extending from the finger to the forearm is more consistent with a spreading infection, and the most common causative organism in such cases—especially in children—is often Streptococcus species (e.g., Streptococcus pyogenes), particularly in the setting of a minor trauma. However, the key error lies in the assertion that Staphylococcus aureus is the causative agent without evidence or justification. The clinical presentation is more commonly associated with group A streptococcal infection, and the note incorrectly attributes the causative agent without supporting evidence. This misattribution could lead to inappropriate antibiotic selection (e.g., missing penicillin sensitivity or over-relying on vancomycin), which may result in treatment failure or unnecessary side effects. Therefore, the statement is a clinically significant error.",INCORRECT,1,"{""answer"": ""INCORRECT"", ""reasoning"": ""The note states that 'Staphylococcus aureus is the causative agent of the patient's condition.' This is clinically incorrect because the patient presents with signs of cellulitis and possible lymphangitis (red streaks, tender lymphadenopathy), which are typical of a bacterial infection involving the skin and lymphatics. While Staphylococcus aureus can cause such infections, the presence of a red streak extending from the finger to the forearm is more consistent with a spreading infection, and the most common causative organism in such cases—especially in children—is often Streptococcus species (e.g., Streptococcus pyogenes), particularly in the setting of a minor trauma. However, the key error lies in the assertion that Staphylococcus aureus is the causative agent without evidence or justification. The clinical presentation is more commonly associated with group A streptococcal infection, and the note incorrectly attributes the causative agent without supporting evidence. This misattribution could lead to inappropriate antibiotic selection (e.g., missing penicillin sensitivity or over-relying on vancomycin), which may result in treatment failure or unnecessary side effects. Therefore, the statement is a clinically significant error.""}"
ms-test-4,INCORRECT,"The note states 'The causative agent is an irregular, non-septate yeast with wide angles.' This is incorrect because a yeast with wide angles and non-septate hyphae is characteristic of Candida species, which typically present with erythematous, pruritic, and scaling lesions, but the description 'irregular, non-septate yeast with wide angles' is not consistent with typical Candida morphology. More importantly, Candida is not typically described as having 'wide angles' in standard medical literature—this is a mischaracterization. The correct description of a non-septate, irregular yeast with wide angles would be more consistent with a fungal organism like Aspergillus or a misdiagnosis. However, the key error is that such a description is not clinically accurate for a common dermatological pathogen and may suggest a misdiagnosis. In clinical practice, such a description would require microscopic confirmation and is not standard. Furthermore, the note implies a specific diagnosis without supporting evidence or context. Given that the description is both morphologically inaccurate and unsupported by standard dermatological knowledge, this constitutes a clinically significant error.",INCORRECT,1,"{""answer"": ""INCORRECT"", ""reasoning"": ""The note states 'The causative agent is an irregular, non-septate yeast with wide angles.' This is incorrect because a yeast with wide angles and non-septate hyphae is characteristic of Candida species, which typically present with erythematous, pruritic, and scaling lesions, but the description 'irregular, non-septate yeast with wide angles' is not consistent with typical Candida morphology. More importantly, Candida is not typically described as having 'wide angles' in standard medical literature—this is a mischaracterization. The correct description of a non-septate, irregular yeast with wide angles would be more consistent with a fungal organism like Aspergillus or a misdiagnosis. However, the key error is that such a description is not clinically accurate for a common dermatological pathogen and may suggest a misdiagnosis. In clinical practice, such a description would require microscopic confirmation and is not standard. Furthermore, the note implies a specific diagnosis without supporting evidence or context. Given that the description is both morphologically inaccurate and unsupported by standard dermatological knowledge, this constitutes a clinically significant error.""}"
ms-test-5,INCORRECT,"The note states that 'a commensal yeast that is catalase-positive' is the causative agent, which is incorrect. Commensal yeasts such as Candida species are catalase-negative. Catalase-positive yeasts are not typically pathogenic or commensal in the skin; instead, catalase-positive organisms like Staphylococcus or Streptococcus are common bacteria. Candida albicans, the most common cause of cutaneous yeast infections, is catalase-negative. Therefore, attributing a catalase-positive commensal yeast as the cause of a skin rash is a clinical error based on microbiological principles. This misstatement misrepresents the pathogen and could lead to inappropriate treatment, such as antifungal therapy for a bacterial infection or failure to treat a true fungal infection.",CORRECT,0,"{""answer"": ""INCORRECT"", ""reasoning"": ""The note states that 'a commensal yeast that is catalase-positive' is the causative agent, which is incorrect. Commensal yeasts such as Candida species are catalase-negative. Catalase-positive yeasts are not typically pathogenic or commensal in the skin; instead, catalase-positive organisms like Staphylococcus or Streptococcus are common bacteria. Candida albicans, the most common cause of cutaneous yeast infections, is catalase-negative. Therefore, attributing a catalase-positive commensal yeast as the cause of a skin rash is a clinical error based on microbiological principles. This misstatement misrepresents the pathogen and could lead to inappropriate treatment, such as antifungal therapy for a bacterial infection or failure to treat a true fungal infection.""}"
ms-test-6,INCORRECT,"The note states 'Respiratory syncytial virus is the causal pathogen of the patient's condition.' This is incorrect because in a child with Tetralogy of Fallot who presents with a cough, hoarseness, and mild fever, the clinical presentation is more consistent with a possible airway obstruction or postoperative complications, such as a tracheal stenosis or aspiration. However, the most likely and well-documented cause of hoarseness and cough in a child with a history of congenital heart disease is not RSV, especially given that RSV typically presents with bronchiolitis, which includes wheezing, tachypnea, and respiratory distress—features not described here. Moreover, RSV is not typically associated with a hoarse voice or a history of prior cardiac surgery in this context. The absence of respiratory distress, wheezing, or other classic signs of bronchiolitis makes the attribution of the cough to RSV unsupported by clinical evidence. Therefore, this is a clinically significant error.",INCORRECT,1,"{""answer"": ""INCORRECT"", ""reasoning"": ""The note states 'Respiratory syncytial virus is the causal pathogen of the patient's condition.' This is incorrect because in a child with Tetralogy of Fallot who presents with a cough, hoarseness, and mild fever, the clinical presentation is more consistent with a possible airway obstruction or postoperative complications, such as a tracheal stenosis or aspiration. However, the most likely and well-documented cause of hoarseness and cough in a child with a history of congenital heart disease is not RSV, especially given that RSV typically presents with bronchiolitis, which includes wheezing, tachypnea, and respiratory distress—features not described here. Moreover, RSV is not typically associated with a hoarse voice or a history of prior cardiac surgery in this context. The absence of respiratory distress, wheezing, or other classic signs of bronchiolitis makes the attribution of the cough to RSV unsupported by clinical evidence. Therefore, this is a clinically significant error.""}"
ms-test-7,INCORRECT,"The note states that 'Parainfluenza is determined as the causal pathogen' of the patient's cough, which is clinically inappropriate. In a child with Tetralogy of Fallot, especially with a history of cyanotic heart disease, a persistent cough, hoarseness, and fever should raise concern for a potentially serious condition such as pneumonia, bronchiolitis, or more critically, a cardiac or respiratory complication. However, the diagnosis of parainfluenza virus is typically made via clinical presentation and laboratory testing (e.g., PCR), not solely from a 'normal lung radiograph' and an anteroposterior radiograph of the neck. Moreover, an anteroposterior radiograph of the neck is not a standard diagnostic tool for determining viral etiology. The finding of a normal lung radiograph does not rule out a viral infection, and more importantly, parainfluenza is not typically associated with hoarseness and cough in the absence of bronchiolitis or other respiratory signs. The diagnosis of parainfluenza in this context is unsupported by the clinical findings and imaging. A more appropriate diagnosis would be bronchiolitis or a viral upper respiratory infection, with further testing. Therefore, attributing the cough to parainfluenza without supporting evidence is a clinically significant error.",CORRECT,0,"{""answer"": ""INCORRECT"", ""reasoning"": ""The note states that 'Parainfluenza is determined as the causal pathogen' of the patient's cough, which is clinically inappropriate. In a child with Tetralogy of Fallot, especially with a history of cyanotic heart disease, a persistent cough, hoarseness, and fever should raise concern for a potentially serious condition such as pneumonia, bronchiolitis, or more critically, a cardiac or respiratory complication. However, the diagnosis of parainfluenza virus is typically made via clinical presentation and laboratory testing (e.g., PCR), not solely from a 'normal lung radiograph' and an anteroposterior radiograph of the neck. Moreover, an anteroposterior radiograph of the neck is not a standard diagnostic tool for determining viral etiology. The finding of a normal lung radiograph does not rule out a viral infection, and more importantly, parainfluenza is not typically associated with hoarseness and cough in the absence of bronchiolitis or other respiratory signs. The diagnosis of parainfluenza in this context is unsupported by the clinical findings and imaging. A more appropriate diagnosis would be bronchiolitis or a viral upper respiratory infection, with further testing. Therefore, attributing the cough to parainfluenza without supporting evidence is a clinically significant error.""}"
uw-test-2,CORRECT,"The medical note accurately describes a patient with advanced gastric cancer presenting with anorexia and failure to thrive, managed with nutritional support via NJ tube, appropriate osmolar feeding (Osmolite 1.2), titration of infusion rate, hydration, and adjunctive treatments such as MVI and electrolyte supplementation. The diagnosis of poorly differentiated signet ring cell carcinoma with peritoneal metastasis is consistent with clinical presentation. Management aligns with current oncology and nutritional guidelines for patients with cancer-related anorexia and malnutrition. There are no clinically significant errors in diagnosis, treatment, or documentation.",CORRECT,0,"{""answer"": ""CORRECT"", ""reasoning"": ""The medical note accurately describes a patient with advanced gastric cancer presenting with anorexia and failure to thrive, managed with nutritional support via NJ tube, appropriate osmolar feeding (Osmolite 1.2), titration of infusion rate, hydration, and adjunctive treatments such as MVI and electrolyte supplementation. The diagnosis of poorly differentiated signet ring cell carcinoma with peritoneal metastasis is consistent with clinical presentation. Management aligns with current oncology and nutritional guidelines for patients with cancer-related anorexia and malnutrition. There are no clinically significant errors in diagnosis, treatment, or documentation.""}"
uw-test-4,CORRECT,"The note accurately describes a patient with post-fall hemodynamic instability following fractures, showing a progressive decline in hemoglobin and hematocrit consistent with acute blood loss from a hematoma around the hip fracture. The clinical decision to transfuse 2 units of packed red blood cells (PRBCs) for the patient's comfort, administered slowly over 4 hours, is appropriate in the context of moderate to significant blood loss. This aligns with clinical guidelines for managing acute blood loss anemia in trauma patients, particularly when hemoglobin drops below critical thresholds (e.g., <25% or symptomatic). The documentation reflects a logical, evidence-based approach to patient care and is consistent with standard practices in orthopedic trauma and anemia management.",INCORRECT,1,"{""answer"": ""CORRECT"", ""reasoning"": ""The note accurately describes a patient with post-fall hemodynamic instability following fractures, showing a progressive decline in hemoglobin and hematocrit consistent with acute blood loss from a hematoma around the hip fracture. The clinical decision to transfuse 2 units of packed red blood cells (PRBCs) for the patient's comfort, administered slowly over 4 hours, is appropriate in the context of moderate to significant blood loss. This aligns with clinical guidelines for managing acute blood loss anemia in trauma patients, particularly when hemoglobin drops below critical thresholds (e.g., <25% or symptomatic). The documentation reflects a logical, evidence-based approach to patient care and is consistent with standard practices in orthopedic trauma and anemia management.""}"
uw-test-5,CORRECT,"The note accurately describes a complex gastrointestinal and hematological presentation in a patient with known ulcerative colitis. The clinical details—such as the recent onset of bloody diarrhea, drop in hemoglobin from 34% to 25%, transfusion for anemia, and ongoing evaluation with endoscopy—are consistent with clinical practice. The mention of acute blood loss anemia as a management focus is appropriate given the drop in Hct and the presence of bloody stools. There is no clinically significant error in diagnosis or management. The note reflects a reasonable and guideline-aligned approach to managing a patient with active colitis and acute blood loss.",INCORRECT,1,"{""answer"": ""CORRECT"", ""reasoning"": ""The note accurately describes a complex gastrointestinal and hematological presentation in a patient with known ulcerative colitis. The clinical details—such as the recent onset of bloody diarrhea, drop in hemoglobin from 34% to 25%, transfusion for anemia, and ongoing evaluation with endoscopy—are consistent with clinical practice. The mention of acute blood loss anemia as a management focus is appropriate given the drop in Hct and the presence of bloody stools. There is no clinically significant error in diagnosis or management. The note reflects a reasonable and guideline-aligned approach to managing a patient with active colitis and acute blood loss.""}"
uw-test-6,CORRECT,"The medical note accurately describes a patient with acute hypoxemic respiratory failure secondary to pneumonia in the context of underlying malignancy and hyponatremia. The clinical progression is well-documented: worsening oxygenation, increased O2 requirements, and signs of pulmonary edema (e.g., desaturation to 60% on ambulation, increased lung infiltrates on CXR). The management is appropriate: initiation of broad-spectrum antibiotics (meropenem), optimization of oxygenation with increasing supplemental oxygen, and timely administration of IV and PO furosemide for suspected pulmonary edema. The rationale for diuretic use—given the clinical picture of worsening respiratory status, increased fluid load, and orthopnea—is consistent with current guidelines for managing acute pulmonary edema in the setting of infection and underlying cardiac or pulmonary compromise. There are no clinically significant errors in diagnosis, management, or reasoning.",INCORRECT,1,"{""answer"": ""CORRECT"", ""reasoning"": ""The medical note accurately describes a patient with acute hypoxemic respiratory failure secondary to pneumonia in the context of underlying malignancy and hyponatremia. The clinical progression is well-documented: worsening oxygenation, increased O2 requirements, and signs of pulmonary edema (e.g., desaturation to 60% on ambulation, increased lung infiltrates on CXR). The management is appropriate: initiation of broad-spectrum antibiotics (meropenem), optimization of oxygenation with increasing supplemental oxygen, and timely administration of IV and PO furosemide for suspected pulmonary edema. The rationale for diuretic use—given the clinical picture of worsening respiratory status, increased fluid load, and orthopnea—is consistent with current guidelines for managing acute pulmonary edema in the setting of infection and underlying cardiac or pulmonary compromise. There are no clinically significant errors in diagnosis, management, or reasoning.""}"
uw-test-7,CORRECT,"The note accurately describes a patient with complex congenital heart disease and systemic left ventricular (LV) systolic dysfunction, with an ejection fraction of 27%, which is consistent with mild to moderate systolic heart failure. The mention of 'chronic systolic heart failure' is appropriate given the clinical context. The patient is noted to be euvolemic, well compensated, and on home cardiac medications, which aligns with standard management for patients with reduced ejection fraction and stable symptoms. There are no clinically significant errors in the diagnosis or management as described, and the information presented is consistent with current medical guidelines for patients with single ventricle physiology and systolic dysfunction.",CORRECT,0,"{""answer"": ""CORRECT"", ""reasoning"": ""The note accurately describes a patient with complex congenital heart disease and systemic left ventricular (LV) systolic dysfunction, with an ejection fraction of 27%, which is consistent with mild to moderate systolic heart failure. The mention of 'chronic systolic heart failure' is appropriate given the clinical context. The patient is noted to be euvolemic, well compensated, and on home cardiac medications, which aligns with standard management for patients with reduced ejection fraction and stable symptoms. There are no clinically significant errors in the diagnosis or management as described, and the information presented is consistent with current medical guidelines for patients with single ventricle physiology and systolic dysfunction.""}"
